date,electricity,all_items_cpi,energy_cpi
1913-12-01,45.5,,
1914-01-01,,,
1914-02-01,,,
1914-03-01,,,
1914-04-01,,,
1914-05-01,,,
1914-06-01,,,
1914-07-01,,,
1914-08-01,,,
1914-09-01,,,
1914-10-01,,,
1914-11-01,,,
1914-12-01,43.9,,
1915-01-01,,,
1915-02-01,,,
1915-03-01,,,
1915-04-01,,,
1915-05-01,,,
1915-06-01,,,
1915-07-01,,,
1915-08-01,,,
1915-09-01,,,
1915-10-01,,,
1915-11-01,,,
1915-12-01,42.7,,
1916-01-01,,,
1916-02-01,,,
1916-03-01,,,
1916-04-01,,,
1916-05-01,,,
1916-06-01,,,
1916-07-01,,,
1916-08-01,,,
1916-09-01,,,
1916-10-01,,,
1916-11-01,,,
1916-12-01,41.6,,
1917-01-01,,,
1917-02-01,,,
1917-03-01,,,
1917-04-01,,,
1917-05-01,,,
1917-06-01,,,
1917-07-01,,,
1917-08-01,,,
1917-09-01,,,
1917-10-01,,,
1917-11-01,,,
1917-12-01,40.5,,
1918-01-01,,,
1918-02-01,,,
1918-03-01,,,
1918-04-01,,,
1918-05-01,,,
1918-06-01,40.5,,
1918-07-01,,,
1918-08-01,,,
1918-09-01,,,
1918-10-01,,,
1918-11-01,,,
1918-12-01,42.7,,
1919-01-01,,,
1919-02-01,,,
1919-03-01,,,
1919-04-01,,,
1919-05-01,,,
1919-06-01,42.7,,
1919-07-01,,,
1919-08-01,,,
1919-09-01,,,
1919-10-01,,,
1919-11-01,,,
1919-12-01,42.2,,
1920-01-01,,,
1920-02-01,,,
1920-03-01,,,
1920-04-01,,,
1920-05-01,,,
1920-06-01,42.2,,
1920-07-01,,,
1920-08-01,,,
1920-09-01,,,
1920-10-01,,,
1920-11-01,,,
1920-12-01,43.3,,
1921-01-01,,,
1921-02-01,,,
1921-03-01,,,
1921-04-01,,,
1921-05-01,43.3,,
1921-06-01,,,
1921-07-01,,,
1921-08-01,,,
1921-09-01,43.3,,
1921-10-01,,,
1921-11-01,,,
1921-12-01,43.3,,
1922-01-01,,,
1922-02-01,,,
1922-03-01,43.3,,
1922-04-01,,,
1922-05-01,,,
1922-06-01,42.7,,
1922-07-01,,,
1922-08-01,,,
1922-09-01,42.7,,
1922-10-01,,,
1922-11-01,,,
1922-12-01,42.2,,
1923-01-01,,,
1923-02-01,,,
1923-03-01,42.2,,
1923-04-01,,,
1923-05-01,,,
1923-06-01,42.2,,
1923-07-01,,,
1923-08-01,,,
1923-09-01,41.6,,
1923-10-01,,,
1923-11-01,,,
1923-12-01,41.6,,
1924-01-01,,,
1924-02-01,,,
1924-03-01,41.6,,
1924-04-01,,,
1924-05-01,,,
1924-06-01,41.6,,
1924-07-01,,,
1924-08-01,,,
1924-09-01,41.6,,
1924-10-01,,,
1924-11-01,,,
1924-12-01,41.6,,
1925-01-01,,,
1925-02-01,,,
1925-03-01,,,
1925-04-01,,,
1925-05-01,,,
1925-06-01,41.0,,
1925-07-01,,,
1925-08-01,,,
1925-09-01,,,
1925-10-01,,,
1925-11-01,,,
1925-12-01,41.0,,
1926-01-01,,,
1926-02-01,,,
1926-03-01,,,
1926-04-01,,,
1926-05-01,,,
1926-06-01,40.5,,
1926-07-01,,,
1926-08-01,,,
1926-09-01,,,
1926-10-01,,,
1926-11-01,,,
1926-12-01,40.5,,
1927-01-01,,,
1927-02-01,,,
1927-03-01,,,
1927-04-01,,,
1927-05-01,,,
1927-06-01,39.9,,
1927-07-01,,,
1927-08-01,,,
1927-09-01,,,
1927-10-01,,,
1927-11-01,,,
1927-12-01,39.9,,
1928-01-01,,,
1928-02-01,,,
1928-03-01,,,
1928-04-01,,,
1928-05-01,,,
1928-06-01,39.3,,
1928-07-01,,,
1928-08-01,,,
1928-09-01,,,
1928-10-01,,,
1928-11-01,,,
1928-12-01,38.8,,
1929-01-01,,,
1929-02-01,,,
1929-03-01,,,
1929-04-01,,,
1929-05-01,,,
1929-06-01,37.7,,
1929-07-01,,,
1929-08-01,,,
1929-09-01,,,
1929-10-01,,,
1929-11-01,,,
1929-12-01,37.7,,
1930-01-01,,,
1930-02-01,,,
1930-03-01,,,
1930-04-01,,,
1930-05-01,,,
1930-06-01,37.1,,
1930-07-01,,,
1930-08-01,,,
1930-09-01,,,
1930-10-01,,,
1930-11-01,,,
1930-12-01,37.1,,
1931-01-01,,,
1931-02-01,,,
1931-03-01,,,
1931-04-01,,,
1931-05-01,,,
1931-06-01,36.5,,
1931-07-01,,,
1931-08-01,,,
1931-09-01,,,
1931-10-01,,,
1931-11-01,,,
1931-12-01,36.5,,
1932-01-01,,,
1932-02-01,,,
1932-03-01,,,
1932-04-01,,,
1932-05-01,,,
1932-06-01,36.0,,
1932-07-01,,,
1932-08-01,,,
1932-09-01,,,
1932-10-01,,,
1932-11-01,,,
1932-12-01,36.5,,
1933-01-01,,,
1933-02-01,,,
1933-03-01,,,
1933-04-01,,,
1933-05-01,,,
1933-06-01,36.5,,
1933-07-01,,,
1933-08-01,,,
1933-09-01,,,
1933-10-01,,,
1933-11-01,,,
1933-12-01,34.3,,
1934-01-01,,,
1934-02-01,,,
1934-03-01,,,
1934-04-01,,,
1934-05-01,,,
1934-06-01,33.2,,
1934-07-01,,,
1934-08-01,,,
1934-09-01,,,
1934-10-01,,,
1934-11-01,32.6,,
1934-12-01,,,
1935-01-01,,,
1935-02-01,32.0,,
1935-03-01,32.0,,
1935-04-01,,,
1935-05-01,,,
1935-06-01,,,
1935-07-01,31.5,,
1935-08-01,,,
1935-09-01,,,
1935-10-01,31.1,,
1935-11-01,,,
1935-12-01,,,
1936-01-01,30.8,,
1936-02-01,,,
1936-03-01,,,
1936-04-01,30.6,,
1936-05-01,,,
1936-06-01,,,
1936-07-01,30.5,,
1936-08-01,,,
1936-09-01,30.4,,
1936-10-01,,,
1936-11-01,,,
1936-12-01,30.4,,
1937-01-01,,,
1937-02-01,,,
1937-03-01,29.9,,
1937-04-01,,,
1937-05-01,,,
1937-06-01,29.8,,
1937-07-01,,,
1937-08-01,,,
1937-09-01,29.8,,
1937-10-01,,,
1937-11-01,,,
1937-12-01,29.6,,
1938-01-01,,,
1938-02-01,,,
1938-03-01,29.5,,
1938-04-01,,,
1938-05-01,,,
1938-06-01,29.4,,
1938-07-01,,,
1938-08-01,,,
1938-09-01,29.4,,
1938-10-01,,,
1938-11-01,,,
1938-12-01,29.3,,
1939-01-01,,,
1939-02-01,,,
1939-03-01,29.1,,
1939-04-01,,,
1939-05-01,,,
1939-06-01,28.9,,
1939-07-01,,,
1939-08-01,,,
1939-09-01,28.9,,
1939-10-01,,,
1939-11-01,,,
1939-12-01,28.8,,
1940-01-01,,,
1940-02-01,,,
1940-03-01,28.8,,
1940-04-01,,,
1940-05-01,,,
1940-06-01,28.7,,
1940-07-01,,,
1940-08-01,,,
1940-09-01,28.5,,
1940-10-01,,,
1940-11-01,,,
1940-12-01,28.5,,
1941-01-01,28.5,,
1941-02-01,28.5,,
1941-03-01,28.5,,
1941-04-01,28.5,,
1941-05-01,28.5,,
1941-06-01,28.5,,
1941-07-01,28.4,,
1941-08-01,28.4,,
1941-09-01,28.3,,
1941-10-01,28.3,,
1941-11-01,28.3,,
1941-12-01,28.3,,
1942-01-01,28.3,,
1942-02-01,28.3,,
1942-03-01,28.3,,
1942-04-01,28.3,,
1942-05-01,28.3,,
1942-06-01,28.3,,
1942-07-01,28.3,,
1942-08-01,28.3,,
1942-09-01,28.3,,
1942-10-01,28.3,,
1942-11-01,28.3,,
1942-12-01,28.3,,
1943-01-01,28.3,,
1943-02-01,28.3,,
1943-03-01,28.3,,
1943-04-01,28.3,,
1943-05-01,28.3,,
1943-06-01,28.3,,
1943-07-01,28.3,,
1943-08-01,28.2,,
1943-09-01,28.2,,
1943-10-01,28.2,,
1943-11-01,28.2,,
1943-12-01,28.2,,
1944-01-01,28.2,,
1944-02-01,28.2,,
1944-03-01,28.2,,
1944-04-01,28.2,,
1944-05-01,28.2,,
1944-06-01,28.0,,
1944-07-01,28.2,,
1944-08-01,28.2,,
1944-09-01,28.2,,
1944-10-01,28.2,,
1944-11-01,28.2,,
1944-12-01,28.2,,
1945-01-01,28.2,,
1945-02-01,28.2,,
1945-03-01,28.2,,
1945-04-01,28.2,,
1945-05-01,28.1,,
1945-06-01,28.1,,
1945-07-01,28.1,,
1945-08-01,28.1,,
1945-09-01,28.1,,
1945-10-01,27.9,,
1945-11-01,27.6,,
1945-12-01,27.6,,
1946-01-01,27.6,,
1946-02-01,27.6,,
1946-03-01,27.2,,
1946-04-01,27.0,,
1946-05-01,27.0,,
1946-06-01,26.9,,
1946-07-01,26.9,,
1946-08-01,26.8,,
1946-09-01,26.7,,
1946-10-01,26.7,,
1946-11-01,26.7,,
1946-12-01,26.7,,
1947-01-01,26.7,21.48,
1947-02-01,26.6,21.62,
1947-03-01,26.6,22.0,
1947-04-01,,22.0,
1947-05-01,,21.95,
1947-06-01,26.5,22.08,
1947-07-01,,22.23,
1947-08-01,,22.4,
1947-09-01,26.6,22.84,
1947-10-01,,22.91,
1947-11-01,26.6,23.06,
1947-12-01,26.7,23.41,
1948-01-01,,23.68,
1948-02-01,,23.67,
1948-03-01,26.8,23.5,
1948-04-01,,23.82,
1948-05-01,,24.01,
1948-06-01,26.8,24.15,
1948-07-01,,24.4,
1948-08-01,,24.43,
1948-09-01,27.0,24.36,
1948-10-01,,24.31,
1948-11-01,,24.16,
1948-12-01,27.1,24.05,
1949-01-01,,24.01,
1949-02-01,,23.91,
1949-03-01,26.8,23.91,
1949-04-01,,23.92,
1949-05-01,,23.91,
1949-06-01,27.2,23.92,
1949-07-01,,23.7,
1949-08-01,,23.7,
1949-09-01,27.2,23.75,
1949-10-01,,23.67,
1949-11-01,,23.7,
1949-12-01,27.2,23.61,
1950-01-01,,23.51,
1950-02-01,,23.61,
1950-03-01,27.2,23.64,
1950-04-01,,23.65,
1950-05-01,,23.77,
1950-06-01,27.2,23.88,
1950-07-01,,24.07,
1950-08-01,,24.2,
1950-09-01,27.2,24.34,
1950-10-01,,24.5,
1950-11-01,,24.6,
1950-12-01,27.2,24.98,
1951-01-01,,25.38,
1951-02-01,,25.83,
1951-03-01,27.3,25.88,
1951-04-01,,25.92,
1951-05-01,,25.99,
1951-06-01,27.4,25.93,
1951-07-01,,25.91,
1951-08-01,,25.86,
1951-09-01,27.5,26.03,
1951-10-01,,26.16,
1951-11-01,,26.32,
1951-12-01,27.4,26.47,
1952-01-01,27.5,26.45,
1952-02-01,27.5,26.41,
1952-03-01,27.5,26.39,
1952-04-01,27.5,26.46,
1952-05-01,27.5,26.47,
1952-06-01,27.5,26.53,
1952-07-01,27.5,26.68,
1952-08-01,27.8,26.69,
1952-09-01,27.8,26.63,
1952-10-01,27.8,26.69,
1952-11-01,27.9,26.69,
1952-12-01,28.0,26.71,
1953-01-01,28.0,26.64,
1953-02-01,28.1,26.59,
1953-03-01,28.1,26.63,
1953-04-01,28.1,26.69,
1953-05-01,28.1,26.7,
1953-06-01,27.9,26.77,
1953-07-01,27.9,26.79,
1953-08-01,27.9,26.85,
1953-09-01,27.9,26.89,
1953-10-01,28.0,26.95,
1953-11-01,28.0,26.85,
1953-12-01,27.9,26.87,
1954-01-01,27.9,26.94,
1954-02-01,28.0,26.99,
1954-03-01,28.1,26.93,
1954-04-01,28.1,26.86,
1954-05-01,28.1,26.93,
1954-06-01,28.1,26.94,
1954-07-01,28.2,26.86,
1954-08-01,28.2,26.85,
1954-09-01,28.2,26.81,
1954-10-01,28.2,26.72,
1954-11-01,28.3,26.78,
1954-12-01,28.3,26.77,
1955-01-01,28.3,26.77,
1955-02-01,28.4,26.82,
1955-03-01,28.4,26.79,
1955-04-01,28.4,26.79,
1955-05-01,28.5,26.77,
1955-06-01,28.5,26.71,
1955-07-01,28.5,26.76,
1955-08-01,28.5,26.72,
1955-09-01,28.5,26.85,
1955-10-01,28.5,26.82,
1955-11-01,28.5,26.88,
1955-12-01,28.5,26.87,
1956-01-01,28.5,26.83,
1956-02-01,28.6,26.86,
1956-03-01,28.6,26.89,
1956-04-01,28.6,26.93,
1956-05-01,28.6,27.03,
1956-06-01,28.6,27.15,
1956-07-01,28.6,27.29,
1956-08-01,28.6,27.31,
1956-09-01,28.6,27.35,
1956-10-01,28.5,27.51,
1956-11-01,28.5,27.51,
1956-12-01,28.6,27.63,
1957-01-01,28.6,27.67,21.3
1957-02-01,28.7,27.8,21.4
1957-03-01,28.7,27.86,21.5
1957-04-01,28.7,27.93,21.6
1957-05-01,28.7,28.0,21.6
1957-06-01,28.7,28.11,21.6
1957-07-01,28.7,28.19,21.5
1957-08-01,28.7,28.28,21.4
1957-09-01,28.7,28.32,21.4
1957-10-01,28.8,28.32,21.4
1957-11-01,28.8,28.41,21.5
1957-12-01,28.8,28.47,21.5
1958-01-01,28.9,28.64,21.6
1958-02-01,28.9,28.7,21.3
1958-03-01,28.9,28.87,21.4
1958-04-01,28.9,28.94,21.4
1958-05-01,29.1,28.94,21.5
1958-06-01,29.1,28.91,21.5
1958-07-01,29.1,28.89,21.6
1958-08-01,29.2,28.94,21.7
1958-09-01,29.2,28.91,21.7
1958-10-01,29.2,28.91,21.7
1958-11-01,29.2,28.95,21.4
1958-12-01,29.2,28.97,21.4
1959-01-01,29.2,29.01,21.4
1959-02-01,29.2,29.0,21.6
1959-03-01,29.2,28.97,21.7
1959-04-01,29.2,28.98,21.8
1959-05-01,29.4,29.04,21.8
1959-06-01,29.6,29.11,21.9
1959-07-01,29.6,29.15,21.8
1959-08-01,29.6,29.18,21.9
1959-09-01,29.7,29.25,21.9
1959-10-01,29.7,29.35,22.2
1959-11-01,29.7,29.35,22.2
1959-12-01,29.8,29.41,22.3
1960-01-01,29.8,29.37,22.3
1960-02-01,29.8,29.41,22.2
1960-03-01,29.8,29.41,22.3
1960-04-01,29.8,29.54,22.4
1960-05-01,29.8,29.57,22.3
1960-06-01,29.8,29.61,22.4
1960-07-01,29.9,29.55,22.5
1960-08-01,29.9,29.61,22.5
1960-09-01,29.9,29.61,22.6
1960-10-01,29.9,29.75,22.5
1960-11-01,29.9,29.78,22.7
1960-12-01,29.9,29.81,22.6
1961-01-01,29.9,29.84,22.7
1961-02-01,29.9,29.84,22.6
1961-03-01,29.9,29.84,22.6
1961-04-01,29.9,29.81,22.2
1961-05-01,29.9,29.84,22.4
1961-06-01,29.9,29.84,22.5
1961-07-01,29.9,29.92,22.5
1961-08-01,29.9,29.94,22.5
1961-09-01,29.9,29.98,22.6
1961-10-01,29.9,29.98,22.4
1961-11-01,29.9,29.98,22.5
1961-12-01,29.9,30.01,22.4
1962-01-01,29.9,30.04,22.4
1962-02-01,29.9,30.11,22.6
1962-03-01,29.9,30.17,22.4
1962-04-01,29.9,30.21,22.7
1962-05-01,29.9,30.24,22.7
1962-06-01,29.9,30.21,22.5
1962-07-01,30.0,30.22,22.3
1962-08-01,30.0,30.28,22.4
1962-09-01,30.0,30.42,22.8
1962-10-01,30.0,30.38,22.7
1962-11-01,30.0,30.38,22.7
1962-12-01,30.0,30.38,22.8
1963-01-01,30.0,30.44,22.8
1963-02-01,30.0,30.48,22.7
1963-03-01,29.9,30.51,22.7
1963-04-01,30.0,30.48,22.6
1963-05-01,29.9,30.51,22.6
1963-06-01,30.0,30.61,22.5
1963-07-01,30.0,30.69,22.7
1963-08-01,29.9,30.75,22.6
1963-09-01,29.9,30.72,22.5
1963-10-01,29.9,30.75,22.7
1963-11-01,29.9,30.78,22.6
1963-12-01,29.9,30.88,22.6
1964-01-01,29.9,30.94,22.8
1964-02-01,29.9,30.91,22.2
1964-03-01,29.9,30.94,22.6
1964-04-01,29.8,30.95,22.5
1964-05-01,29.8,30.98,22.5
1964-06-01,29.7,31.01,22.6
1964-07-01,29.7,31.02,22.5
1964-08-01,29.8,31.05,22.6
1964-09-01,29.8,31.08,22.5
1964-10-01,29.7,31.12,22.5
1964-11-01,29.7,31.21,22.5
1964-12-01,29.7,31.25,22.6
1965-01-01,29.7,31.28,22.8
1965-02-01,29.7,31.28,22.7
1965-03-01,29.7,31.31,22.6
1965-04-01,29.6,31.38,22.9
1965-05-01,29.6,31.48,23.0
1965-06-01,29.6,31.61,23.1
1965-07-01,29.6,31.58,23.0
1965-08-01,29.6,31.55,23.0
1965-09-01,29.7,31.62,23.1
1965-10-01,29.7,31.65,23.0
1965-11-01,29.7,31.75,23.1
1965-12-01,29.7,31.85,23.1
1966-01-01,29.7,31.88,23.1
1966-02-01,29.7,32.08,23.2
1966-03-01,29.7,32.18,23.2
1966-04-01,29.7,32.28,23.2
1966-05-01,29.7,32.35,23.2
1966-06-01,29.7,32.38,23.3
1966-07-01,29.7,32.45,23.4
1966-08-01,29.6,32.65,23.3
1966-09-01,29.6,32.75,23.4
1966-10-01,29.6,32.85,23.4
1966-11-01,29.6,32.88,23.5
1966-12-01,29.7,32.92,23.5
1967-01-01,29.8,32.9,23.6
1967-02-01,29.8,33.0,23.7
1967-03-01,29.8,33.0,23.6
1967-04-01,29.8,33.1,23.9
1967-05-01,29.8,33.1,23.9
1967-06-01,29.8,33.3,23.8
1967-07-01,29.8,33.4,23.8
1967-08-01,29.9,33.5,23.9
1967-09-01,30.2,33.6,24.0
1967-10-01,30.2,33.7,23.9
1967-11-01,30.1,33.9,24.0
1967-12-01,30.1,34.0,23.9
1968-01-01,30.1,34.1,24.0
1968-02-01,30.2,34.2,24.1
1968-03-01,30.2,34.3,24.1
1968-04-01,30.2,34.4,24.0
1968-05-01,30.2,34.5,24.1
1968-06-01,30.2,34.7,24.2
1968-07-01,30.2,34.9,24.2
1968-08-01,30.2,35.0,24.3
1968-09-01,30.2,35.1,24.3
1968-10-01,30.2,35.3,24.3
1968-11-01,30.2,35.4,24.4
1968-12-01,30.2,35.6,24.3
1969-01-01,30.2,35.7,24.4
1969-02-01,30.2,35.8,24.4
1969-03-01,30.4,36.1,24.7
1969-04-01,30.6,36.3,24.9
1969-05-01,30.7,36.4,24.8
1969-06-01,30.7,36.6,25.0
1969-07-01,30.7,36.8,24.9
1969-08-01,30.9,36.9,24.9
1969-09-01,31.1,37.1,25.0
1969-10-01,31.1,37.3,25.0
1969-11-01,31.2,37.5,25.0
1969-12-01,31.2,37.7,25.1
1970-01-01,31.2,37.9,25.1
1970-02-01,31.2,38.1,25.1
1970-03-01,31.3,38.3,25.0
1970-04-01,31.4,38.5,25.5
1970-05-01,31.5,38.6,25.4
1970-06-01,31.5,38.8,25.3
1970-07-01,31.6,38.9,25.5
1970-08-01,31.7,39.0,25.4
1970-09-01,31.9,39.2,25.6
1970-10-01,32.5,39.4,25.9
1970-11-01,32.7,39.6,26.0
1970-12-01,32.9,39.8,26.2
1971-01-01,33.0,39.9,26.3
1971-02-01,33.3,39.9,26.2
1971-03-01,33.5,40.0,26.2
1971-04-01,33.5,40.1,26.1
1971-05-01,33.6,40.3,26.2
1971-06-01,33.8,40.5,26.3
1971-07-01,34.0,40.6,26.3
1971-08-01,34.3,40.7,26.8
1971-09-01,34.3,40.8,26.9
1971-10-01,34.3,40.9,27.0
1971-11-01,34.3,41.0,26.9
1971-12-01,34.7,41.1,27.0
1972-01-01,34.9,41.2,27.0
1972-02-01,35.0,41.4,26.8
1972-03-01,35.1,41.4,26.9
1972-04-01,35.4,41.5,26.9
1972-05-01,35.6,41.6,27.0
1972-06-01,35.8,41.7,27.0
1972-07-01,35.7,41.8,27.1
1972-08-01,35.8,41.9,27.3
1972-09-01,35.8,42.1,27.6
1972-10-01,35.9,42.2,27.7
1972-11-01,35.9,42.4,27.9
1972-12-01,36.0,42.5,27.8
1973-01-01,36.5,42.7,27.9
1973-02-01,36.7,43.0,28.2
1973-03-01,36.9,43.4,28.3
1973-04-01,37.1,43.7,28.6
1973-05-01,37.1,43.9,28.8
1973-06-01,37.3,44.2,29.2
1973-07-01,37.3,44.2,29.2
1973-08-01,37.4,45.0,29.4
1973-09-01,37.6,45.2,29.4
1973-10-01,37.8,45.6,30.3
1973-11-01,38.1,45.9,31.5
1973-12-01,38.6,46.3,32.5
1974-01-01,39.9,46.8,34.1
1974-02-01,41.2,47.3,35.4
1974-03-01,42.3,47.8,36.9
1974-04-01,43.1,48.1,37.6
1974-05-01,43.8,48.6,38.3
1974-06-01,44.2,49.0,38.6
1974-07-01,44.6,49.3,38.9
1974-08-01,45.1,49.9,39.2
1974-09-01,45.8,50.6,39.3
1974-10-01,46.1,51.0,39.2
1974-11-01,46.3,51.5,39.4
1974-12-01,47.1,51.9,39.6
1975-01-01,48.1,52.3,40.0
1975-02-01,48.8,52.6,40.3
1975-03-01,49.1,52.8,40.6
1975-04-01,49.2,53.0,41.0
1975-05-01,49.0,53.1,41.3
1975-06-01,49.4,53.5,41.7
1975-07-01,50.3,54.0,42.5
1975-08-01,50.6,54.2,42.8
1975-09-01,51.3,54.6,43.2
1975-10-01,51.3,54.9,43.5
1975-11-01,51.1,55.3,43.9
1975-12-01,51.3,55.6,44.1
1976-01-01,51.2,55.8,44.5
1976-02-01,51.6,55.9,44.4
1976-03-01,52.2,56.0,44.1
1976-04-01,52.3,56.1,43.9
1976-05-01,52.6,56.4,44.1
1976-06-01,53.3,56.7,44.4
1976-07-01,53.9,57.0,44.8
1976-08-01,54.0,57.3,45.2
1976-09-01,53.9,57.6,45.7
1976-10-01,54.1,57.9,46.1
1976-11-01,53.9,58.1,46.8
1976-12-01,54.6,58.4,47.5
1977-01-01,54.8,58.7,48.1
1977-02-01,54.7,59.3,48.1
1977-03-01,55.9,59.6,48.4
1977-04-01,55.6,60.0,48.6
1977-05-01,55.5,60.2,48.9
1977-06-01,56.5,60.5,48.9
1977-07-01,57.7,60.8,49.1
1977-08-01,58.3,61.1,49.5
1977-09-01,58.4,61.3,49.8
1977-10-01,58.1,61.6,50.5
1977-11-01,57.2,62.0,51.3
1977-12-01,57.1,62.3,51.6
1978-01-01,57.3,62.7,51.1
1978-02-01,58.4,63.0,50.6
1978-03-01,59.4,63.4,51.0
1978-04-01,60.0,63.9,51.4
1978-05-01,60.9,64.5,51.7
1978-06-01,62.7,65.0,51.9
1978-07-01,63.0,65.5,52.1
1978-08-01,62.7,65.9,52.6
1978-09-01,62.7,66.5,53.2
1978-10-01,62.1,67.1,54.1
1978-11-01,60.4,67.5,54.9
1978-12-01,60.4,67.9,55.9
1979-01-01,61.0,68.5,55.8
1979-02-01,61.5,69.2,55.9
1979-03-01,62.4,69.9,57.4
1979-04-01,63.0,70.6,59.5
1979-05-01,64.1,71.4,62.0
1979-06-01,66.9,72.2,64.7
1979-07-01,68.0,73.0,67.3
1979-08-01,68.6,73.7,69.7
1979-09-01,69.0,74.4,71.9
1979-10-01,68.4,75.2,73.5
1979-11-01,66.3,76.0,74.8
1979-12-01,67.2,76.9,76.8
1980-01-01,67.8,78.0,79.1
1980-02-01,70.0,79.0,81.9
1980-03-01,71.2,80.1,84.5
1980-04-01,72.3,80.9,85.4
1980-05-01,74.2,81.7,86.4
1980-06-01,78.4,82.5,86.5
1980-07-01,80.0,82.6,86.7
1980-08-01,80.3,83.2,87.2
1980-09-01,80.5,83.9,87.5
1980-10-01,79.4,84.7,88.0
1980-11-01,77.4,85.6,88.8
1980-12-01,78.5,86.4,90.7
1981-01-01,79.9,87.2,92.1
1981-02-01,81.2,88.0,95.2
1981-03-01,81.9,88.6,97.4
1981-04-01,83.0,89.1,97.6
1981-05-01,84.3,89.7,97.9
1981-06-01,88.8,90.5,97.3
1981-07-01,91.6,91.5,97.3
1981-08-01,93.3,92.2,97.8
1981-09-01,92.7,93.1,98.6
1981-10-01,90.7,93.4,99.2
1981-11-01,89.3,93.8,100.5
1981-12-01,89.8,94.1,101.5
1982-01-01,91.7,94.4,100.6
1982-02-01,91.8,94.7,98.0
1982-03-01,93.7,94.7,96.6
1982-04-01,93.6,95.0,94.2
1982-05-01,94.2,95.9,95.7
1982-06-01,98.0,97.0,98.4
1982-07-01,98.9,97.5,99.3
1982-08-01,99.8,97.7,99.8
1982-09-01,99.5,97.7,100.3
1982-10-01,97.8,98.1,101.7
1982-11-01,95.3,98.0,102.5
1982-12-01,95.6,97.7,102.8
1983-01-01,95.5,97.9,99.6
1983-02-01,95.8,98.0,97.7
1983-03-01,96.1,98.1,96.8
1983-04-01,95.7,98.8,98.9
1983-05-01,97.1,99.2,100.4
1983-06-01,100.9,99.4,100.6
1983-07-01,102.1,99.8,100.9
1983-08-01,101.9,100.1,101.2
1983-09-01,102.4,100.4,101.0
1983-10-01,101.5,100.8,100.8
1983-11-01,99.3,101.1,100.5
1983-12-01,98.7,101.4,100.0
1984-01-01,99.6,102.1,100.2
1984-02-01,100.0,102.6,101.4
1984-03-01,100.5,102.9,101.4
1984-04-01,101.4,103.3,101.7
1984-05-01,102.6,103.5,101.6
1984-06-01,107.3,103.7,100.8
1984-07-01,110.3,104.1,100.5
1984-08-01,112.0,104.4,100.1
1984-09-01,112.2,104.7,100.6
1984-10-01,108.0,105.1,101.1
1984-11-01,105.0,105.3,100.8
1984-12-01,104.2,105.5,100.1
1985-01-01,105.0,105.7,100.3
1985-02-01,105.5,106.3,100.3
1985-03-01,106.0,106.8,101.3
1985-04-01,106.4,107.0,102.3
1985-05-01,107.2,107.2,102.2
1985-06-01,113.0,107.5,102.2
1985-07-01,113.2,107.7,102.2
1985-08-01,113.7,107.9,101.2
1985-09-01,113.8,108.1,101.2
1985-10-01,109.8,108.5,101.2
1985-11-01,106.7,109.0,101.8
1985-12-01,107.0,109.5,102.4
1986-01-01,108.1,109.9,102.6
1986-02-01,108.8,109.7,99.5
1986-03-01,108.4,109.1,92.6
1986-04-01,107.3,108.7,87.2
1986-05-01,107.1,109.0,87.2
1986-06-01,115.9,109.4,88.8
1986-07-01,116.6,109.5,85.6
1986-08-01,116.6,109.6,83.6
1986-09-01,116.6,110.0,84.4
1986-10-01,108.1,110.2,82.8
1986-11-01,105.9,110.4,82.1
1986-12-01,105.4,110.8,82.5
1987-01-01,106.4,111.4,85.4
1987-02-01,106.4,111.8,87.4
1987-03-01,106.7,112.2,87.6
1987-04-01,105.9,112.7,87.6
1987-05-01,106.4,113.0,87.1
1987-06-01,115.3,113.5,88.5
1987-07-01,116.3,113.8,89.2
1987-08-01,116.6,114.3,90.5
1987-09-01,116.2,114.7,90.3
1987-10-01,108.9,115.0,89.6
1987-11-01,107.9,115.4,90.0
1987-12-01,107.3,115.6,89.5
1988-01-01,107.9,116.0,88.8
1988-02-01,108.2,116.2,88.7
1988-03-01,107.9,116.5,88.4
1988-04-01,107.9,117.2,88.8
1988-05-01,107.5,117.5,88.5
1988-06-01,116.2,118.0,88.9
1988-07-01,116.6,118.5,89.4
1988-08-01,116.8,119.0,90.1
1988-09-01,117.2,119.5,89.8
1988-10-01,112.2,119.9,89.8
1988-11-01,109.7,120.3,89.8
1988-12-01,110.3,120.7,89.6
1989-01-01,110.8,121.2,90.3
1989-02-01,110.2,121.6,90.8
1989-03-01,110.5,122.2,91.8
1989-04-01,111.3,123.1,96.6
1989-05-01,112.1,123.7,97.4
1989-06-01,119.5,124.1,96.9
1989-07-01,120.4,124.5,96.7
1989-08-01,120.4,124.5,94.9
1989-09-01,120.4,124.8,93.8
1989-10-01,114.3,125.4,94.4
1989-11-01,112.7,125.9,93.9
1989-12-01,113.4,126.3,94.2
1990-01-01,113.5,127.5,98.9
1990-02-01,114.5,128.0,98.2
1990-03-01,114.3,128.6,97.6
1990-04-01,114.6,128.9,97.5
1990-05-01,115.8,129.1,96.7
1990-06-01,122.2,129.9,97.3
1990-07-01,122.0,130.5,97.1
1990-08-01,121.8,131.6,101.6
1990-09-01,122.5,132.5,106.5
1990-10-01,116.9,133.4,110.8
1990-11-01,115.1,133.7,111.2
1990-12-01,115.0,134.2,111.0
1991-01-01,118.3,134.7,108.5
1991-02-01,118.8,134.8,104.5
1991-03-01,118.9,134.8,101.9
1991-04-01,117.9,135.1,101.2
1991-05-01,120.1,135.6,102.1
1991-06-01,125.5,136.0,101.1
1991-07-01,126.8,136.2,100.7
1991-08-01,126.2,136.6,101.1
1991-09-01,127.0,137.0,101.5
1991-10-01,122.1,137.2,101.6
1991-11-01,118.9,137.8,102.4
1991-12-01,120.8,138.2,103.1
1992-01-01,120.7,138.3,101.5
1992-02-01,120.3,138.6,101.2
1992-03-01,120.7,139.1,101.2
1992-04-01,120.2,139.4,101.4
1992-05-01,122.5,139.7,102.0
1992-06-01,129.2,140.1,103.3
1992-07-01,129.3,140.5,103.7
1992-08-01,129.1,140.8,103.5
1992-09-01,129.6,141.1,103.6
1992-10-01,123.9,141.7,104.3
1992-11-01,121.7,142.1,105.1
1992-12-01,122.9,142.3,105.3
1993-01-01,123.1,142.8,105.0
1993-02-01,120.7,143.1,104.3
1993-03-01,122.9,143.3,104.9
1993-04-01,123.3,143.8,104.9
1993-05-01,125.3,144.2,104.3
1993-06-01,132.0,144.3,103.9
1993-07-01,132.5,144.5,103.4
1993-08-01,132.3,144.8,103.4
1993-09-01,132.9,145.0,103.0
1993-10-01,127.4,145.6,105.3
1993-11-01,123.8,146.0,104.4
1993-12-01,123.6,146.3,103.7
1994-01-01,123.3,146.3,102.8
1994-02-01,123.3,146.7,104.1
1994-03-01,123.2,147.1,104.3
1994-04-01,122.0,147.2,103.7
1994-05-01,124.4,147.5,102.8
1994-06-01,131.5,147.9,103.1
1994-07-01,132.3,148.4,104.5
1994-08-01,132.4,149.0,106.7
1994-09-01,132.2,149.3,106.1
1994-10-01,126.8,149.4,105.7
1994-11-01,124.7,149.8,106.1
1994-12-01,124.4,150.1,105.9
1995-01-01,125.5,150.5,105.7
1995-02-01,125.3,150.9,105.8
1995-03-01,125.4,151.2,105.5
1995-04-01,124.5,151.8,105.6
1995-05-01,126.3,152.1,105.8
1995-06-01,134.6,152.4,106.7
1995-07-01,134.7,152.6,105.8
1995-08-01,136.9,152.9,105.6
1995-09-01,134.4,153.1,104.1
1995-10-01,131.0,153.5,104.4
1995-11-01,128.5,153.7,103.4
1995-12-01,127.8,153.9,104.4
1996-01-01,127.9,154.7,106.9
1996-02-01,127.9,155.0,107.1
1996-03-01,128.3,155.5,108.3
1996-04-01,128.9,156.1,111.2
1996-05-01,129.4,156.4,112.0
1996-06-01,135.0,156.7,110.3
1996-07-01,137.1,157.0,110.1
1996-08-01,138.1,157.2,109.7
1996-09-01,138.3,157.7,109.8
1996-10-01,132.5,158.2,110.5
1996-11-01,128.9,158.7,111.8
1996-12-01,128.7,159.1,113.9
1997-01-01,128.9,159.4,115.2
1997-02-01,129.3,159.7,115.0
1997-03-01,129.7,159.8,113.0
1997-04-01,129.5,159.9,111.0
1997-05-01,130.6,159.9,108.8
1997-06-01,138.4,160.2,110.0
1997-07-01,138.4,160.4,109.1
1997-08-01,137.5,160.8,110.9
1997-09-01,138.1,161.2,112.4
1997-10-01,132.0,161.5,111.8
1997-11-01,130.0,161.7,111.4
1997-12-01,127.0,161.8,109.8
1998-01-01,126.2,162.0,107.5
1998-02-01,124.6,162.0,105.1
1998-03-01,124.3,162.0,103.3
1998-04-01,124.4,162.2,102.4
1998-05-01,125.9,162.6,103.2
1998-06-01,133.2,162.8,103.6
1998-07-01,133.5,163.2,103.3
1998-08-01,132.5,163.4,102.1
1998-09-01,131.5,163.5,101.3
1998-10-01,125.8,163.9,101.5
1998-11-01,123.4,164.1,101.1
1998-12-01,122.9,164.4,100.1
1999-01-01,122.5,164.7,99.7
1999-02-01,122.9,164.7,99.2
1999-03-01,123.5,164.8,100.4
1999-04-01,123.4,165.9,105.5
1999-05-01,124.4,166.0,104.9
1999-06-01,131.0,166.0,104.5
1999-07-01,132.0,166.7,106.7
1999-08-01,131.5,167.1,109.5
1999-09-01,131.6,167.8,111.8
1999-10-01,127.0,168.1,112.0
1999-11-01,123.9,168.4,111.5
1999-12-01,123.7,168.8,113.8
2000-01-01,123.0,169.3,115.0
2000-02-01,124.0,170.0,118.8
2000-03-01,124.2,171.0,124.3
2000-04-01,124.1,170.9,120.9
2000-05-01,125.0,171.2,120.0
2000-06-01,133.2,172.2,126.8
2000-07-01,135.3,172.7,127.3
2000-08-01,134.8,172.7,123.8
2000-09-01,135.0,173.6,129.2
2000-10-01,129.4,173.9,129.6
2000-11-01,126.8,174.2,129.2
2000-12-01,126.9,174.6,130.1
2001-01-01,129.7,175.6,135.0
2001-02-01,129.6,176.0,134.1
2001-03-01,130.5,176.1,131.7
2001-04-01,130.6,176.4,132.3
2001-05-01,133.8,177.3,138.4
2001-06-01,146.6,177.7,136.9
2001-07-01,148.7,177.4,129.6
2001-08-01,147.6,177.4,127.3
2001-09-01,146.5,178.1,130.9
2001-10-01,139.9,177.6,122.9
2001-11-01,135.4,177.5,116.9
2001-12-01,134.6,177.4,113.9
2002-01-01,133.1,177.7,114.2
2002-02-01,132.7,178.0,113.5
2002-03-01,133.0,178.5,117.6
2002-04-01,131.8,179.3,121.5
2002-05-01,133.8,179.5,121.9
2002-06-01,142.1,179.6,121.6
2002-07-01,142.9,180.0,122.4
2002-08-01,142.9,180.5,123.1
2002-09-01,142.6,180.8,123.7
2002-10-01,135.9,181.2,126.9
2002-11-01,131.9,181.5,126.7
2002-12-01,132.1,181.8,127.1
2003-01-01,132.1,182.6,133.5
2003-02-01,132.5,183.6,140.8
2003-03-01,134.0,183.9,143.9
2003-04-01,135.5,183.2,136.5
2003-05-01,138.7,182.9,129.4
2003-06-01,146.7,183.1,129.8
2003-07-01,147.4,183.7,132.2
2003-08-01,147.6,184.5,137.8
2003-09-01,148.0,185.1,142.9
2003-10-01,140.2,184.9,137.8
2003-11-01,135.5,185.0,136.9
2003-12-01,135.6,185.5,138.8
2004-01-01,136.2,186.3,143.9
2004-02-01,136.8,186.7,145.8
2004-03-01,136.1,187.1,145.1
2004-04-01,136.7,187.4,143.4
2004-05-01,139.5,188.2,147.6
2004-06-01,149.5,188.9,151.5
2004-07-01,150.4,189.1,151.1
2004-08-01,150.9,189.2,151.5
2004-09-01,150.4,189.8,152.9
2004-10-01,141.4,190.8,158.6
2004-11-01,138.6,191.7,163.8
2004-12-01,138.5,191.7,162.3
2005-01-01,141.0,191.6,157.2
2005-02-01,141.2,192.4,161.8
2005-03-01,141.9,193.1,163.5
2005-04-01,142.3,193.7,166.7
2005-05-01,146.5,193.6,163.3
2005-06-01,157.9,193.7,163.7
2005-07-01,158.6,194.9,172.8
2005-08-01,159.5,196.1,183.5
2005-09-01,160.0,198.8,208.2
2005-10-01,153.3,199.1,205.9
2005-11-01,154.4,198.1,191.0
2005-12-01,153.3,198.1,187.6
2006-01-01,162.2,199.3,196.6
2006-02-01,162.9,199.4,194.1
2006-03-01,163.1,199.7,192.0
2006-04-01,163.3,200.7,198.5
2006-05-01,165.6,201.3,199.8
2006-06-01,178.1,201.8,199.8
2006-07-01,178.8,202.9,207.9
2006-08-01,178.7,203.8,211.9
2006-09-01,178.8,202.8,198.1
2006-10-01,169.3,201.9,184.1
2006-11-01,164.4,202.0,184.1
2006-12-01,164.8,203.1,192.7
2007-01-01,168.903,203.437,190.281
2007-02-01,168.87,204.226,192.31
2007-03-01,169.346,205.288,200.206
2007-04-01,169.385,205.904,203.307
2007-05-01,172.342,206.755,208.635
2007-06-01,184.194,207.234,209.799
2007-07-01,184.408,207.603,209.639
2007-08-01,184.081,207.667,206.412
2007-09-01,184.365,208.547,210.742
2007-10-01,177.244,209.19,212.386
2007-11-01,173.406,210.834,223.814
2007-12-01,173.357,211.445,225.649
2008-01-01,175.219,212.174,226.775
2008-02-01,174.606,212.687,229.731
2008-03-01,175.639,213.448,233.349
2008-04-01,177.818,213.942,234.778
2008-05-01,182.26,215.208,243.924
2008-06-01,194.434,217.463,262.081
2008-07-01,199.068,219.016,271.149
2008-08-01,200.795,218.69,262.566
2008-09-01,198.579,218.877,260.125
2008-10-01,191.513,216.995,238.065
2008-11-01,187.473,213.153,195.155
2008-12-01,188.342,211.398,176.583
2009-01-01,190.471,211.933,178.661
2009-02-01,190.645,212.705,183.721
2009-03-01,190.065,212.495,178.415
2009-04-01,189.007,212.709,177.552
2009-05-01,191.066,213.022,179.83
2009-06-01,199.924,214.79,197.033
2009-07-01,199.251,214.726,195.778
2009-08-01,198.36,215.445,201.583
2009-09-01,198.286,215.861,202.777
2009-10-01,190.376,216.509,204.719
2009-11-01,187.708,217.234,210.932
2009-12-01,187.388,217.347,209.915
2010-01-01,186.903,217.488,212.807
2010-02-01,185.448,217.281,209.624
2010-03-01,189.061,217.353,209.326
2010-04-01,190.21,217.403,209.219
2010-05-01,192.416,217.29,206.631
2010-06-01,200.767,217.199,203.764
2010-07-01,201.914,217.605,206.877
2010-08-01,201.624,217.923,208.77
2010-09-01,200.405,218.275,209.832
2010-10-01,191.481,219.035,216.71
2010-11-01,188.198,219.59,219.496
2010-12-01,188.711,220.472,227.13
2011-01-01,189.166,221.187,229.258
2011-02-01,189.539,221.898,232.068
2011-03-01,191.028,223.046,240.079
2011-04-01,191.323,224.093,247.977
2011-05-01,195.838,224.806,250.744
2011-06-01,203.836,224.806,245.534
2011-07-01,205.963,225.395,246.187
2011-08-01,205.362,226.106,246.88
2011-09-01,205.812,226.597,248.55
2011-10-01,197.003,226.75,246.655
2011-11-01,193.193,227.169,247.64
2011-12-01,192.777,227.223,243.353
2012-01-01,193.612,227.842,244.876
2012-02-01,193.183,228.329,248.898
2012-03-01,192.148,228.807,249.742
2012-04-01,192.472,229.187,249.677
2012-05-01,196.159,228.713,241.806
2012-06-01,204.907,228.524,235.897
2012-07-01,203.318,228.59,233.568
2012-08-01,202.87,229.918,244.987
2012-09-01,202.628,231.015,252.987
2012-10-01,194.544,231.638,256.017
2012-11-01,191.837,231.249,248.819
2012-12-01,191.879,231.221,244.708
2013-01-01,194.525,231.679,245.025
2013-02-01,194.739,232.937,255.696
2013-03-01,193.856,232.282,246.595
2013-04-01,194.553,231.797,240.473
2013-05-01,199.557,231.893,240.468
2013-06-01,208.737,232.445,242.711
2013-07-01,209.538,232.9,242.986
2013-08-01,208.514,233.456,244.833
2013-09-01,209.106,233.544,242.745
2013-10-01,200.392,233.669,241.954
2013-11-01,197.442,234.1,242.718
2013-12-01,198.043,234.719,245.733
2014-01-01,203.026,235.288,250.34
2014-02-01,202.224,235.547,249.925
2014-03-01,204.131,236.028,249.961
2014-04-01,198.654,236.468,249.864
2014-05-01,206.715,236.918,249.213
2014-06-01,217.529,237.231,249.714
2014-07-01,217.93,237.498,248.744
2014-08-01,217.148,237.46,245.699
2014-09-01,215.054,237.477,241.61
2014-10-01,206.667,237.43,237.061
2014-11-01,202.889,236.983,229.016
2014-12-01,204.275,236.252,218.536
2015-01-01,208.172,234.747,199.926
2015-02-01,208.696,235.342,203.021
2015-03-01,205.894,235.976,205.757
2015-04-01,206.179,236.222,203.577
2015-05-01,207.683,237.001,208.973
2015-06-01,217.468,237.657,212.015
2015-07-01,216.406,238.034,211.623
2015-08-01,215.786,238.033,208.579
2015-09-01,214.132,237.498,197.246
2015-10-01,205.604,237.733,195.616
2015-11-01,202.479,238.017,195.114
2015-12-01,201.787,237.761,190.143
2016-01-01,203.169,237.652,185.235
2016-02-01,202.528,237.336,176.401
2016-03-01,202.487,238.08,182.234
2016-04-01,201.778,238.992,186.713
2016-05-01,205.038,239.557,188.596
2016-06-01,213.474,240.222,192.899
2016-07-01,214.193,240.101,189.046
2016-08-01,214.222,240.545,188.772
2016-09-01,214.381,241.176,192.243
2016-10-01,206.397,241.741,195.979
2016-11-01,202.984,242.026,196.372
2016-12-01,203.146,242.637,199.513
2017-01-01,205.23,243.618,205.369
2017-02-01,206.416,244.006,204.133
2017-03-01,205.692,243.892,202.528
2017-04-01,206.671,244.193,202.954
2017-05-01,210.541,244.004,198.449
2017-06-01,218.865,244.163,197.808
2017-07-01,219.696,244.243,195.994
2017-08-01,219.078,245.183,201.45
2017-09-01,218.117,246.435,212.723
2017-10-01,210.424,246.626,208.328
2017-11-01,208.111,247.284,213.047
2017-12-01,208.406,247.805,213.574
2018-01-01,210.171,248.859,216.855
2018-02-01,210.97,249.529,220.141
2018-03-01,210.273,249.577,215.72
2018-04-01,209.215,250.227,219.165
2018-05-01,212.646,250.792,221.045
2018-06-01,218.591,251.018,220.947
2018-07-01,217.9,251.214,219.929
2018-08-01,217.967,251.663,222.781
2018-09-01,215.536,252.182,223.955
2018-10-01,211.937,252.772,226.022
2018-11-01,209.339,252.594,218.5
2018-12-01,210.637,252.767,213.63
2019-01-01,210.92,252.561,204.34
2019-02-01,210.939,253.319,208.144
2019-03-01,210.937,254.277,214.934
2019-04-01,210.525,255.233,222.42
2019-05-01,212.326,255.296,220.523
2019-06-01,217.947,255.213,214.926
2019-07-01,219.083,255.802,216.696
2019-08-01,217.811,256.036,213.847
2019-09-01,216.938,256.43,213.015
2019-10-01,212.829,257.155,215.268
2019-11-01,210.365,257.879,217.488
2019-12-01,209.725,258.63,221.18
2020-01-01,212.018,259.127,220.147
2020-02-01,212.18,259.25,214.294
2020-03-01,211.332,258.076,201.681
2020-04-01,211.04,256.032,182.586
2020-05-01,211.988,255.802,180.04
2020-06-01,218.191,257.042,188.734
2020-07-01,218.82,258.352,191.966
2020-08-01,217.68,259.316,193.307
2020-09-01,218.395,259.997,196.705
2020-10-01,215.57,260.319,196.113
2020-11-01,213.787,260.911,197.017
2020-12-01,214.375,262.045,205.67
2021-01-01,215.242,262.687,212.47
2021-02-01,216.998,263.579,219.242
2021-03-01,216.528,264.961,229.617
2021-04-01,218.627,266.614,227.255
2021-05-01,220.948,268.383,229.854
2021-06-01,226.562,270.654,233.603
2021-07-01,227.672,271.903,236.488
2021-08-01,229.088,272.676,240.692
2021-09-01,229.831,273.91,245.302
2021-10-01,229.641,276.55,254.756
2021-11-01,227.588,278.919,263.798
2021-12-01,227.974,280.845,267.899
2022-01-01,238.183,282.543,270.189
2022-02-01,236.453,284.5,275.322
2022-03-01,240.558,287.674,303.099
2022-04-01,242.778,288.561,295.455
2022-05-01,247.461,291.298,309.052
2022-06-01,257.557,294.957,330.456
2022-07-01,262.347,294.913,314.345
2022-08-01,265.191,295.097,298.331
2022-09-01,265.487,296.349,294.103
2022-10-01,262.1,298.007,299.945
2022-11-01,258.864,298.786,298.107
2022-12-01,260.548,298.832,286.33
2023-01-01,266.528,300.42,292.615
2023-02-01,266.887,301.45,288.702
2023-03-01,265.033,301.821,282.868
2023-04-01,263.216,302.845,280.86
2023-05-01,262.135,303.334,274.273
2023-06-01,271.369,304.014,275.712
2023-07-01,270.268,304.609,275.548
2023-08-01,270.752,306.082,287.31
2023-09-01,272.401,307.276,292.623
2023-10-01,268.342,307.696,286.765
2023-11-01,267.545,308.148,282.146
2023-12-01,269.17,308.741,280.763
2024-01-01,276.698,309.698,279.953
2024-02-01,276.384,310.967,283.331
2024-03-01,278.233,312.345,288.688
2024-04-01,276.653,313.023,287.611
2024-05-01,277.584,313.175,284.165
2024-06-01,283.25,313.044,278.284
2024-07-01,283.415,313.569,278.287
2024-08-01,281.333,314.062,275.706
2024-09-01,282.522,314.732,272.681
2024-10-01,280.47,315.631,273.003
2024-11-01,275.801,316.528,273.281
2024-12-01,276.7,317.604,279.829
2025-01-01,281.888,318.961,282.272
2025-02-01,283.194,319.679,282.096
2025-03-01,285.983,319.785,278.906
2025-04-01,286.652,320.302,277.343
2025-05-01,290.055,320.62,275.377
2025-06-01,299.728,321.435,276.558
2025-07-01,299.107,322.169,274.85
2025-08-01,298.738,323.291,276.734
2025-09-01,296.887,324.245,280.7
2025-10-01,,,
2025-11-01,294.939,325.063,284.648
2025-12-01,295.121,326.031,285.624
2026-01-01,299.731,326.588,281.436
2026-02-01,296.798,327.46,283.223
2026-03-01,299.028,330.293,314.019
2026-04-01,304.095,332.407,325.978
2026-05-01,307.226,333.979,338.639
